2019-07-31 12:22:58.964586,Object1
2019-07-31 12:26:19.254795,731694
2019-07-31 12:31:19.514398,Objective 1
2019-07-31 12:34:02.246159,4893993268016
2019-07-31 12:34:04.440196,6294224268016
2019-07-31 12:34:04.440196,2824227268016
2019-07-31 12:34:04.503197,2824823868016
2019-07-31 12:34:04.982202,2424823268016
2019-07-31 12:34:28.034587,0823925268016
2019-07-31 12:34:35.695713,4293993268014
2019-07-31 12:34:37.768240,4293993268076
2019-07-31 12:34:38.846760,8293294268016
2019-07-31 12:34:49.844938,9894995268016
2019-07-31 12:34:50.145940,3824295268016
2019-07-31 12:34:53.124495,4893023268016
2019-07-31 12:35:06.652723,0002000002336
